<?xml version="1.0" encoding="UTF-8" standalone="no"?>
<!-- Generated 15 dic. 2022 23:59:33 by Hibernate Tools 5.6.9.Final --><!DOCTYPE hibernate-mapping PUBLIC "-//Hibernate/Hibernate Mapping DTD 3.0//EN" "http://www.hibernate.org/dtd/hibernate-mapping-3.0.dtd">
<hibernate-mapping>
    <class catalog="ventas" name="org.iesvdm.streams.Pedido" optimistic-lock="none" table="pedido">
        <id name="id" type="java.lang.Integer">
            <column name="id"/>
            <generator class="identity"/>
        </id>
        <many-to-one class="org.iesvdm.streams.Cliente" fetch="select" name="cliente">
            <column name="id_cliente" not-null="true"/>
        </many-to-one>
        <many-to-one class="org.iesvdm.streams.Comercial" fetch="select" name="comercial">
            <column name="id_comercial" not-null="true"/>
        </many-to-one>
        <property name="total" type="double">
            <column name="total" not-null="true" precision="22" scale="0"/>
        </property>
        <property name="fecha" type="date">
            <column length="10" name="fecha"/>
        </property>
    </class>
</hibernate-mapping>
